<?xml version="1.0" encoding="UTF-8"?>
<!DOCTYPE suite SYSTEM "https://testng.org/testng-1.0.dtd">
<suite name="Suite">
	<parameter name="url" value="https://www.livejournal.com/"></parameter>
	<parameter name="username" value="syneltest"></parameter>
	<parameter name="password" value="123qweASD"></parameter>
	<test thread-count="5" name="Synel test with Chrome Browser">
		<parameter name="browser" value="chrome"></parameter>
		<classes>
			<class name="TestCases.syneltest_1" />
			<class name="TestCases.syneltest_2" />
		</classes>
	</test> <!-- demoblaze -->
</suite> <!-- Suite -->
